fips,propunder12
01001,0.1625464156689243
01003,0.15065213564996247
01005,0.14622009724736384
01007,0.14362784195291567
01009,0.16288749908946168
01011,0.15320345291834955
01013,0.156535988127628
01015,0.151887290252225
01017,0.15031109023122466
01019,0.13113751395323944
01021,0.1697799541928868
01023,0.13721148791793433
01025,0.14988675788241482
01027,0.14418337415706553
01029,0.16169565860811774
01031,0.16880459770114944
01033,0.15095215304065324
01035,0.14708762843815879
01037,0.11620392981928844
01039,0.15863410300029254
01041,0.1611995567996268
01043,0.16178554332216372
01045,0.1670716172382778
01047,0.1640430953840199
01049,0.16821612162309965
01051,0.15875616170687298
01053,0.16178209366994373
01055,0.15220145242799046
01057,0.15095383253847286
01059,0.17922006497326887
01061,0.15368401759530792
01063,0.15485323961787856
01065,0.16825990768306337
01067,0.14211373766130725
01069,0.16377135019626265
01071,0.14483374766935986
01073,0.1653653710779378
01075,0.14997527560429333
01077,0.13642668201102734
01079,0.15268797564687978
01081,0.1503476429674962
01083,0.15648594947487937
01085,0.16184091469935016
01087,0.11999046318572947
01089,0.1543707955102139
01091,0.16032074770325527
01093,0.14594609186248972
01095,0.18218156788270323
01097,0.1684729985076268
01099,0.14549512987012989
01101,0.17033380439034532
01103,0.16263050606513735
01105,0.14472786495587298
01107,0.13620348714654248
01109,0.13480229863311732
01111,0.15053668991444583
01113,0.17756583039601906
01115,0.16156120612162095
01117,0.161630656128914
01119,0.1354985682871652
01121,0.14605496509338864
01123,0.14676863827210734
01125,0.1509427034741685
01127,0.15994315490288963
01129,0.1511718029156671
01131,0.16352771084337347
01133,0.14242365166682205
02013,0.05651340996168582
02016,0.08476914912435875
02020,0.17660570875396053
02050,0.2668964238583939
02060,0.1449964345139054
02068,0.137901376146789
02070,0.24147472938878486
02090,0.17897607710779742
02100,0.11885050151249801
02105,0.128556768355257
02110,0.1519532105213774
02122,0.161087773148164
02130,0.1534752100719009
02150,0.18669623742857586
02158,0.31766808346213293
02164,0.21476256455472983
02170,0.1899575092606834
02180,0.26041248695931307
02185,0.20188032793571808
02188,0.27661086544535696
02195,0.15204892966360856
02198,0.15943384059840082
02220,0.14680625808728384
02230,0.1228189056411994
02240,0.18643031784841077
02261,0.17092081191741437
02275,0.1423872934381518
02282,0.13439556633183236
02290,0.20920085731781995
04001,0.19128839623746144
04003,0.15368282069755707
04005,0.1396722423913412
04007,0.1433176663488754
04009,0.1914423101648281
04011,0.1999325122321579
04012,0.1190503313018549
04013,0.1671659465383183
04015,0.11780598970625442
04017,0.188232721068024
04019,0.14627524094111788
04021,0.15775442604720394
04023,0.18928652877163843
04025,0.11218317396919159
04027,0.1820551548039412
05001,0.16760936657450007
05003,0.15871475275847977
05005,0.12465185723993379
05007,0.18740904672338124
05009,0.16341878141276303
05011,0.17170268256333832
05013,0.13573770491803278
05015,0.15304906006419072
05017,0.15624566754471092
05019,0.13315783986655547
05021,0.15110994822077778
05023,0.13053564236810308
05025,0.14685332324378864
05027,0.14533747077859954
05029,0.16227344441451497
05031,0.1802024909457104
05033,0.17277457014148848
05035,0.19534220333524344
05037,0.16676839689437958
05039,0.14596050783824835
05041,0.17863329444621207
05043,0.1543565034858554
05045,0.1617554343789947
05047,0.15546836130082772
05049,0.1478953722334004
05051,0.1418553509194515
05053,0.1544565539494913
05055,0.17399619283722165
05057,0.18879328006556031
05059,0.14192688975183904
05061,0.19067384297269355
05063,0.17555943501031582
05065,0.12648732920533598
05067,0.14530068203339447
05069,0.1547320906825039
05071,0.17426843469441416
05073,0.12744682140476335
05075,0.1573058305562988
05077,0.1311861033203655
05079,0.11239038449745509
05081,0.1602174660618665
05083,0.14796901603457632
05085,0.18065576915172024
05087,0.16595245012589582
05089,0.13026184553636877
05091,0.16906782996892614
05093,0.1871215747425351
05095,0.1529857424088767
05097,0.12918329580165436
05099,0.16296368321260146
05101,0.13180100429673344
05103,0.15983026874115983
05105,0.1596911434223921
05107,0.18773026871725537
05109,0.15087876916165985
05111,0.17126286025754583
05113,0.1594662319234369
05115,0.1624582428143648
05117,0.14820988729380738
05119,0.16851412568854843
05121,0.17113429731271176
05123,0.1524341836202818
05125,0.162963813146633
05127,0.1639593611669039
05129,0.13828626525589302
05131,0.1728814409084642
05133,0.20705724128167619
05135,0.14370781599133858
05137,0.13298350343411003
05139,0.1726477285104485
05141,0.1346184192957114
05143,0.1734051940039076
05145,0.16239460967670194
05147,0.15322119961916852
05149,0.17201097682461514
06001,0.1474991809805755
06003,0.11395101171459
06005,0.10830424907207357
06007,0.14457059785242315
06009,0.11948987836568908
06011,0.1920349865078627
06013,0.15738120921140736
06015,0.15091159245946278
06017,0.1361206160222805
06019,0.2052873938896904
06021,0.1921676802167257
06023,0.1352095020948013
06025,0.2085786412271931
06027,0.15169306238416036
06029,0.20849004080645905
06031,0.19916578679153696
06033,0.1545429078345317
06035,0.12584387151586446
06037,0.1533816089007769
06039,0.19874710692008157
06041,0.1349426181737017
06043,0.11511101279528706
06045,0.15211551919661315
06047,0.20877378473455918
06049,0.13720544458836093
06051,0.1254584457822988
06053,0.18774694732480926
06055,0.13926953579728027
06057,0.11885220362832304
06059,0.15422957854950486
06061,0.15454069648242671
06063,0.1244700406966242
06065,0.17599252158282472
06067,0.16876436831697741
06069,0.18088399868640462
06071,0.18761402685785375
06073,0.15582544344237992
06075,0.10109214253427071
06077,0.19171647075671122
06079,0.12274387320812691
06081,0.14543476254217508
06083,0.1588037550361685
06085,0.1543455375626286
06087,0.1324905820746087
06089,0.15546908555189348
06091,0.1174034993989582
06093,0.14323409889119762
06095,0.15847610712050003
06097,0.13535772321235431
06099,0.19342524037595227
06101,0.18411397709283917
06103,0.1698724469350891
06105,0.12393790849673203
06107,0.21933388537627918
06109,0.12036744442403087
06111,0.15934430386693804
06113,0.14415461848279285
06115,0.2028926798944225
08001,0.18728614395007873
08003,0.17492273195563907
08005,0.16596332647311773
08007,0.12567399419328082
08009,0.16234164852949381
08011,0.1075940281366638
08013,0.1273006878726381
08014,0.15223944384295401
08015,0.105632276747897
08017,0.1895776193088316
08019,0.10696368478642361
08021,0.178523555360581
08023,0.1340546110252447
08025,0.07879869164436515
08027,0.09691177632098572
08029,0.13752180153045138
08031,0.14175328257630038
08033,0.13398533007334965
08035,0.17152868560648554
08037,0.14947821307543072
08039,0.14155696896424844
08041,0.17213227070592307
08043,0.11304475298946619
08045,0.1799665085496601
08047,0.09910083493898524
08049,0.11275371176815138
08051,0.11364275668073136
08053,0.1097353726632678
08055,0.11093986274281725
08057,0.1227187814341141
08059,0.1371843399434751
08061,0.17725321888412018
08063,0.1818027930596699
08065,0.14277635719905588
08067,0.1307698837711076
08069,0.1356527453392806
08071,0.12490565519891315
08073,0.14633029139212855
08075,0.12799072697671127
08077,0.15116737732288885
08079,0.10018262457605008
08081,0.18627170027601392
08083,0.15478733586003598
08085,0.15108311799162394
08087,0.19064356503880137
08089,0.16653371652115
08091,0.10230956239870341
08093,0.10367960535408627
08095,0.17205618930894692
08097,0.10005760173482872
08099,0.1854372903542502
08101,0.156598620561959
08103,0.17421766997612165
08105,0.15715479089277146
08107,0.12191349586383059
08109,0.14544117647058824
08111,0.088
08113,0.11922254711649508
08115,0.1360416106178818
08117,0.11734456260187844
08119,0.11703160903656792
08121,0.1584744034264736
08123,0.18743445373442055
08125,0.2009102209390914
09001,0.15371916665023677
09003,0.14648672092457923
09005,0.12108718922325683
09007,0.11629988993623681
09009,0.13940016320756524
09011,0.13376798137911144
09013,0.11433594785510456
09015,0.13651132605495792
10001,0.16351457579812484
10003,0.1518458610507072
10005,0.13243510566025465
11001,0.14190520260298622
12001,0.12978362352810885
12003,0.17102813369516678
12005,0.14964428010433686
12007,0.1403775515278972
12009,0.1274734171892973
12011,0.151204504619906
12013,0.14000284212022168
12015,0.08231098959906322
12017,0.10316395348214334
12019,0.15947294978840215
12021,0.1182935879701189
12023,0.155519150693801
12027,0.13235170205594876
12029,0.13054864475579414
12031,0.1671775877216889
12033,0.15124156173263678
12035,0.11353045658760841
12037,0.11069976531253098
12039,0.15619467475328228
12041,0.14120991269222138
12043,0.09695170516255158
12045,0.1327305021798805
12047,0.13607581782661107
12049,0.18354688647678122
12051,0.19413872292577877
12053,0.12823088130444216
12055,0.12019574245089001
12057,0.1596376264827964
12059,0.1442813568343262
12061,0.10945065619820642
12063,0.13373185532531118
12065,0.11861359997752997
12067,0.1333681635754827
12069,0.1342825311967284
12071,0.1230557671745002
12073,0.13137836678864367
12075,0.1407272306177986
12077,0.12006527634452473
12079,0.13129365895922457
12081,0.12705648832503053
12083,0.13241612080467044
12085,0.11320940260309305
12086,0.14640882494027385
12087,0.11144139968091071
12089,0.14088769562394965
12091,0.16454801253232149
12093,0.15429689354872408
12095,0.15795557620248218
12097,0.1707603766316183
12099,0.13490727448012935
12101,0.1438315412095633
12103,0.11314246858385495
12105,0.15627799948035725
12107,0.1526938055382232
12109,0.149680419505237
12111,0.13867222053442557
12113,0.15468975971463053
12115,0.09751823860885875
12117,0.1466124807431989
12119,0.05107668682447292
12121,0.14926416847880028
12123,0.14396945004506304
12125,0.14233562264448268
12127,0.12474990613026198
12129,0.1449417615495354
12131,0.14904601024374925
12133,0.14152590355761066
13001,0.17856208865449155
13003,0.18733256322658345
13005,0.18168416510858623
13007,0.13800606620071212
13009,0.12762929538354736
13011,0.15508054845941296
13013,0.18461772393868522
13015,0.1686456736045253
13017,0.17547923993806194
13019,0.16844413641864844
13021,0.17533801731231966
13023,0.1348763331064216
13025,0.16337543174493194
13027,0.15530406149937126
13029,0.2112791152122384
13031,0.13837553468229094
13033,0.18259560049480988
13035,0.1474716508703363
13037,0.1146039043025025
13039,0.17943991544237317
13043,0.17644871628028036
13045,0.16597552927009607
13047,0.1561048066068564
13049,0.13416380725048485
13051,0.15182374994850104
13053,0.18167518678725914
13055,0.16002423263327947
13057,0.16600453413471528
13059,0.12335624772879085
13061,0.13953324402453643
13063,0.19986964323736636
13065,0.18260026656973222
13067,0.16465532293911558
13069,0.17724431385050382
13071,0.18464612749511408
13073,0.17825717700437968
13075,0.1774874161561443
13077,0.16790310739390202
13079,0.13915983241940438
13081,0.16892340250004484
13083,0.13457116507838918
13085,0.1405008178027598
13087,0.17434360297465473
13089,0.17027930488566229
13091,0.13628297989935131
13093,0.1109350237717908
13095,0.17056148002155808
13097,0.17807687667266264
13099,0.17566848607854343
13101,0.1879308622239984
13103,0.1895216543113539
13105,0.1580116373647
13107,0.1797117056679054
13109,0.1881973763570567
13111,0.11314346039978887
13113,0.14997902526271076
13115,0.16219091205086567
13117,0.1847716873165477
13119,0.15614569728631547
13121,0.15233377387839495
13123,0.13569394972359466
13125,0.1457096600107933
13127,0.1510494206934771
13129,0.16562224259935293
13131,0.17693917944791523
13133,0.13744148400927506
13135,0.18570777856016737
13137,0.15777974530766148
13139,0.1748223841992042
13141,0.10359027761342389
13143,0.17114975350879558
13145,0.1467351722882243
13147,0.1458975398239563
13149,0.1569361444974149
13151,0.1710339328324816
13153,0.18354117627630642
13155,0.1436617922122088
13157,0.18034733029430802
13159,0.1626857674628465
13161,0.18490115430542656
13163,0.1652372560537824
13165,0.14020348034250993
13167,0.1324296792166483
13169,0.15426003955027287
13171,0.14758162404591932
13173,0.1735576923076923
13175,0.17582227546122506
13177,0.18499541809084888
13179,0.2216729556069071
13181,0.13428614716428464
13183,0.19802579599207856
13185,0.1755917289332372
13187,0.11808553735748598
13189,0.17971194227571238
13191,0.10995500954132018
13193,0.13116170028996235
13195,0.16248606840246538
13197,0.14424044868414745
13199,0.15210145132810213
13201,0.16236020053991515
13205,0.16241091278372966
13207,0.14157145036282678
13209,0.14117241230623287
13211,0.15801685568619292
13213,0.17154227361465685
13215,0.18286390363559404
13217,0.17937022093864885
13219,0.17954525047141104
13221,0.14738680992473696
13223,0.1813032071914221
13225,0.1473559375312558
13227,0.137383338668768
13229,0.17395384329820365
13231,0.15498486868558609
13233,0.1804983554646637
13235,0.12316308889209047
13237,0.13820666654583022
13239,0.133785075145513
13241,0.11292606157050421
13243,0.1468898399484083
13245,0.16613532469497366
13247,0.16652630929180517
13249,0.15939322331059191
13251,0.15273207948390063
13253,0.14600803850543342
13255,0.16919536362161483
13257,0.16145592808103199
13259,0.07881936103771318
13261,0.16161521210737642
13263,0.11707206916575262
13265,0.12496735440062681
13267,0.144748518365924
13269,0.13907566175919214
13271,0.1114305166805356
13273,0.16535118628141884
13275,0.17060401776655468
13277,0.17796991231757264
13279,0.1879242800322976
13281,0.08878519710378116
13283,0.16327358026121455
13285,0.17270256351567864
13287,0.17893311942244058
13289,0.13739139020537125
13291,0.10650810245687402
13293,0.16470453940108826
13295,0.15242992347444978
13297,0.16983334606796902
13299,0.17758220307609465
13301,0.13881226053639847
13303,0.15555904954698216
13305,0.17327171011148526
13307,0.12406909788867562
13309,0.1194326313376964
13311,0.13484979986268897
13313,0.1808399528568554
13315,0.13691829443696932
13317,0.14722859014245945
13319,0.15791241268135411
13321,0.15615562090920793
15001,0.15590247161121454
15003,0.15551668885829706
15005,0
15007,0.15744077591253228
15009,0.15651897900271897
16001,0.16197783744828329
16003,0.1207308503162333
16005,0.18516841868199613
16007,0.1916899326654623
16009,0.15715765396400672
16011,0.2153152534811294
16013,0.1426305791317381
16015,0.10521178495286533
16017,0.13830889454737028
16019,0.22079215441356437
16021,0.16510159342996433
16023,0.16679596586501164
16025,0.1537484116899619
16027,0.19972209364258697
16029,0.20696053075452606
16031,0.2244821218173158
16033,0.14997649271274094
16035,0.10360029390154299
16037,0.12066722423566584
16039,0.1906525598859039
16041,0.2159283817704328
16043,0.16757104754897453
16045,0.16142199545227662
16047,0.19317056423393328
16049,0.13656806156806156
16051,0.24119381682061777
16053,0.22148992890995262
16055,0.16144775233967334
16057,0.13129145437646292
16059,0.1324326349174637
16061,0.14663171690694626
16063,0.18561528376100395
16065,0.1934417597847072
16067,0.21075399963791247
16069,0.15395282266651478
16071,0.19850951514882667
16073,0.17597419135750064
16075,0.18434948787152364
16077,0.22305201587633175
16079,0.15010426068282967
16081,0.17266805541778263
16083,0.19845164985668987
16085,0.13042175047605614
16087,0.15593688362919134
17001,0.16330073544270468
17003,0.15909408151870463
17005,0.13156159968748474
17007,0.16563890845334253
17009,0.11515831614703385
17011,0.14558974579763448
17013,0.14333488549295179
17015,0.13661569484120317
17017,0.17440322687297494
17019,0.13243343503946137
17021,0.14124679548854446
17023,0.15974088354039281
17025,0.1635868241597662
17027,0.1512112591865163
17029,0.12531266897740226
17031,0.15601593061533642
17033,0.14341043687237148
17035,0.15956970804280546
17037,0.15122481306867663
17039,0.1473832734735762
17041,0.1747009075907591
17043,0.15856194245086863
17045,0.14077522281222954
17047,0.15995350006283776
17049,0.17473635730228276
17051,0.1470643494598403
17053,0.159380171040626
17055,0.15636938686039956
17057,0.1360365985306904
17059,0.13895008105075024
17061,0.1504182156133829
17063,0.17486846299451816
17065,0.1504409433214427
17067,0.14763679197200166
17069,0.1163670766319773
17071,0.1305199108380023
17073,0.15445282910475627
17075,0.14990110305284135
17077,0.13056354126978628
17079,0.16504408139389126
17081,0.16246900969344868
17083,0.14158096446000715
17085,0.12907766577547683
17087,0.12846339501206758
17089,0.17362134177509864
17091,0.15670525523755993
17093,0.19643683443822108
17095,0.14231377237820877
17097,0.16394773333241483
17099,0.14869690879192068
17101,0.13588761174968073
17103,0.13960237821070193
17105,0.1526234975843237
17107,0.13532719907568524
17109,0.11885560549886807
17111,0.1592177404681114
17113,0.1496999933357386
17115,0.1603322494099921
17117,0.146123082965846
17119,0.1547879404454408
17121,0.16909548686927503
17123,0.1440129165862305
17125,0.14586310105734956
17127,0.15140516587954056
17129,0.15040723981900453
17131,0.14689294903448816
17133,0.15574354665816845
17135,0.1427754963803395
17137,0.13232596940043306
17139,0.1777155220237435
17141,0.15550371878242547
17143,0.17290804301535834
17145,0.13464022272609857
17147,0.1549413426693692
17149,0.16273138308150092
17151,0.07504636895420175
17153,0.14887461015293277
17155,0.13823919569922502
17157,0.13646223500182866
17159,0.16272143375116543
17161,0.16073187261268546
17163,0.16730763589654124
17165,0.15055897220962955
17167,0.15623935213636678
17169,0.12436247183015063
17171,0.14797898140662896
17173,0.15000556194148837
17175,0.15254554997375722
17177,0.15036841298328837
17179,0.15918471197838982
17181,0.14593988227347296
17183,0.1683165698235666
17185,0.1592673839618371
17187,0.1538235984048792
17189,0.14886605090846017
17191,0.16128472867352878
17193,0.16063965379257197
17195,0.1552669542182509
17197,0.16756784531118096
17199,0.15603204708762897
17201,0.16671396946131578
17203,0.1671467939134104
18001,0.23302896636979184
18003,0.18455273727892063
18005,0.17223923220300816
18007,0.17345531445384335
18009,0.1520181514210652
18011,0.18522840354451972
18013,0.11739835668891431
18015,0.1548110936060165
18017,0.16070791559959322
18019,0.16179444626205058
18021,0.1623440766350417
18023,0.18585731002841913
18025,0.15323590814196242
18027,0.21491283571656697
18029,0.15008255879525015
18031,0.16904367805667037
18033,0.17086453055210415
18035,0.12678149564022165
18037,0.17415147403362646
18039,0.19687380046548014
18041,0.15067601575923772
18043,0.16095278452835585
18045,0.15347701219961216
18047,0.16069805008518187
18049,0.16689587327718608
18051,0.16940167678381893
18053,0.146268324185667
18055,0.14927381326626846
18057,0.18740248252790273
18059,0.1643281221110586
18061,0.15791638583832215
18063,0.17220430899820213
18065,0.1400589378644429
18067,0.1625090550204923
18069,0.15342350419874037
18071,0.17508632933563847
18073,0.15957960500038748
18075,0.18114638915912465
18077,0.14474658700965268
18079,0.1665496500358288
18081,0.17495014183569388
18083,0.15197648994436386
18085,0.1702383831056301
18087,0.23293093211953295
18089,0.16328767620790396
18091,0.1537710021617326
18093,0.14893494683580136
18095,0.15099317290167125
18097,0.18109431972482906
18099,0.17477253103427332
18101,0.1591327149622324
18103,0.14741849742950178
18105,0.10800321321114105
18107,0.16083901503304768
18109,0.1555785835684373
18111,0.14576577610698196
18113,0.17423949742159808
18115,0.14029035012809565
18117,0.16149822053169902
18119,0.1441179874990354
18121,0.15503894348748712
18123,0.15037963563345816
18125,0.15491726304199993
18127,0.15082936427341256
18129,0.15356245952647954
18131,0.15225628099845515
18133,0.13435477159846837
18135,0.15864407330915714
18137,0.16295088937708171
18139,0.15749318801089918
18141,0.167056860963166
18143,0.15901140300716474
18145,0.15958329781554378
18147,0.1507918451326996
18149,0.15985169029443838
18151,0.14050623442831414
18153,0.13488453125302463
18155,0.17464620216485016
18157,0.1454308900941139
18159,0.14141641409796576
18161,0.14475442937178284
18163,0.15571834972568316
18165,0.15402227482634173
18167,0.14572640242164978
18169,0.14159843703808433
18171,0.15837620110647385
18173,0.16205464299717254
18175,0.1614017981330389
18177,0.1561272739412554
18179,0.17492224888876265
18181,0.16562809387921495
18183,0.16138766767453833
19001,0.15686879452515845
19003,0.1507909982174688
19005,0.1715689870167975
19007,0.15977306890365128
19009,0.15256902541598097
19011,0.1641867021693163
19013,0.1581290207236772
19015,0.14584753486875868
19017,0.15716772151898734
19019,0.18148654810761516
19021,0.18755782389003547
19023,0.15434150683597825
19025,0.15511845296080584
19027,0.176435442432933
19029,0.15551491849142712
19031,0.15138935314477955
19033,0.14970488621750333
19035,0.15578823235120695
19037,0.16787830963214181
19039,0.182484403042475
19041,0.1637641575623935
19043,0.15014468883322468
19045,0.16343596739656005
19047,0.17935209190590584
19049,0.20211455487072108
19051,0.21707398727820557
19053,0.1576616031432218
19055,0.16646589191232047
19057,0.16168558704661878
19059,0.1357154469656502
19061,0.16253248190440278
19063,0.1369981791381254
19065,0.14972818109112263
19067,0.16212127040299523
19069,0.16405596077962453
19071,0.15756175068611872
19073,0.16293987441839455
19075,0.15999541043797536
19077,0.15027923506515484
19079,0.16312846128787056
19081,0.15283966467789442
19083,0.1336521728836433
19085,0.1621857018433114
19087,0.15280847191528082
19089,0.1768411809900121
19091,0.16725529767911201
19093,0.17748917748917747
19095,0.16762410511557502
19097,0.15680369629339327
19099,0.15655736819943641
19101,0.11054693484493663
19103,0.14294455096727932
19105,0.14611477463653402
19107,0.16297968397291196
19109,0.15584503605704061
19111,0.15350919016854603
19113,0.16465102891994307
19115,0.15493162641838815
19117,0.1649705409748259
19119,0.2022975144449383
19121,0.169796480188772
19123,0.17221920781334782
19125,0.16374609307041174
19127,0.17994714625415625
19129,0.16072947681837518
19131,0.16695424638313203
19133,0.1556173084557364
19135,0.15803885773894902
19137,0.16021440129449838
19139,0.17643961829549193
19141,0.17118587268515148
19143,0.16250842886041808
19145,0.1283287175117171
19147,0.16430326667718737
19149,0.1773151471643934
19151,0.15882246047610393
19153,0.1801448848346599
19155,0.16729894348583121
19157,0.13570615094781435
19159,0.1589094928159155
19161,0.1636716652208039
19163,0.1690207407167165
19165,0.15463809039409301
19167,0.1908574747860157
19169,0.11420660774294163
19171,0.17015781581014494
19173,0.17261787979857432
19175,0.1541028980788017
19177,0.16329899254368488
19179,0.16428963247394404
19181,0.1740556443975221
19183,0.1755849328960231
19185,0.17771056160154666
19187,0.15219605065084565
19189,0.15256126862085537
19191,0.12417555413574483
19193,0.1858444823996293
19195,0.14756637769383374
19197,0.1721544910562862
20001,0.15322178023287647
20003,0.18277504609711126
20005,0.15727072094163808
20007,0.1676722769133058
20009,0.16788315506154838
20011,0.18038357822904627
20013,0.18462119305310848
20015,0.17715751692096762
20017,0.1390843738176315
20019,0.14105016350959462
20021,0.1574549156779533
20023,0.1559936789826172
20025,0.17533970810266733
20027,0.16857824068264526
20029,0.16812439261418854
20031,0.15537125190165382
20033,0.17283515450593348
20035,0.16632264391935045
20037,0.1554236071150311
20039,0.1462444980832032
20041,0.16153143155558458
20043,0.1447159961561437
20045,0.12625836846020333
20047,0.16379928315412187
20049,0.16687847498014297
20051,0.1518990849202336
20053,0.1300032862306934
20055,0.21983776174748454
20057,0.2185437943620778
20059,0.16747939479801813
20061,0.2508332702068025
20063,0.17417486088878725
20065,0.1440753674977666
20067,0.21076509465665957
20069,0.20535354890648064
20071,0.20407497962510188
20073,0.15228256129876228
20075,0.21104100946372242
20077,0.17935645941852302
20079,0.1673090094377953
20081,0.19633918187793903
20083,0.16221352711011738
20085,0.17824317527093148
20087,0.15554875022439993
20089,0.14948381696428573
20091,0.17111950745124277
20093,0.2128829536527887
20095,0.15455898458341524
20097,0.16666666666666666
20099,0.17243071386949366
20101,0.16181272038657438
20103,0.17075438372697746
20105,0.15019629078110194
20107,0.1479035096800911
20109,0.17875125881168177
20111,0.1565538248776504
20113,0.15871268944438993
20115,0.1465443507136029
20117,0.17478498180615282
20119,0.18040342964761857
20121,0.1708698433565941
20123,0.16483297324247964
20125,0.16807085628442664
20127,0.15102346480279583
20129,0.1697354169890144
20131,0.19872776534338557
20133,0.17628613547210353
20135,0.14661325564457395
20137,0.13368243875070132
20139,0.15879638967325535
20141,0.15594335742405543
20143,0.14681479398115596
20145,0.10847542158910259
20147,0.15811834953685985
20149,0.20976421819500418
20151,0.1710340328367946
20153,0.163265306122449
20155,0.15500743862729088
20157,0.15656959611717802
20159,0.16111814915578074
20161,0.11940127822265192
20163,0.1567640559783943
20165,0.14181122617241607
20167,0.15968279978931352
20169,0.16605714032404637
20171,0.1850187265917603
20173,0.18356262902251225
20175,0.23209072849535073
20177,0.16553185753397348
20179,0.17200351353509544
20181,0.18050248537517327
20183,0.14587063563115488
20185,0.1686485966010303
20187,0.1955044955044955
20189,0.19870765186915887
20191,0.17052305471699775
20193,0.17488777865131497
20195,0.12352393902526301
20197,0.16223881460901776
20199,0.18020036910097545
20201,0.16699454363238186
20203,0.19388235294117648
20205,0.1709661460173864
20207,0.1498494458325325
20209,0.20313168882480417
21001,0.1370942781090729
21003,0.1648734058161845
21005,0.16713846045309838
21007,0.14326756839214888
21009,0.16990275857379242
21011,0.18494537275064266
21013,0.1507451089005316
21015,0.18234874716838093
21017,0.15956022556696012
21019,0.15131052636106357
21021,0.14024877099211455
21023,0.16684002999588768
21025,0.15013519961825988
21027,0.15899737388782187
21029,0.14943413108886747
21031,0.1628919724663243
21033,0.1612756120956709
21035,0.12627636308790627
21037,0.14955242626475504
21039,0.1673472824485328
21041,0.19184119331023053
21043,0.1597276656737811
21045,0.16590497007029137
21047,0.20845175576275357
21049,0.15929467856214427
21051,0.1503238956269045
21053,0.15658929976396538
21055,0.1541478542436266
21057,0.15427757230340144
21059,0.17577811081427422
21061,0.12371252566735114
21063,0.1258661123547596
21065,0.15060927001480467
21067,0.15015190328772857
21069,0.1725202199043774
21071,0.15751241651932021
21073,0.14852259310517388
21075,0.15543083747815567
21077,0.1703831019042019
21079,0.15777628752315892
21081,0.18892132944046716
21083,0.17504889257640982
21085,0.16635431762483213
21087,0.14488105274733332
21089,0.15043326565047044
21091,0.17453968691814356
21093,0.1770372844030073
21095,0.16930200254659106
21097,0.16077723508175834
21099,0.1774773539739953
21101,0.16231075060790542
21103,0.16458434341550743
21105,0.12562837035005942
21107,0.16150412673893322
21109,0.164438301835772
21111,0.1593045039215584
21113,0.1696680504055192
21115,0.15661910227098147
21117,0.17127824894377952
21119,0.14103493649131288
21121,0.16486821725354603
21123,0.16026150350576396
21125,0.16512020175012956
21127,0.1729764414703456
21129,0.13172954354370645
21131,0.15510659898477158
21133,0.15730975098906214
21135,0.15678279647835214
21137,0.1718937740614502
21139,0.14650889121338911
21141,0.16994773454768575
21143,0.09936343016023998
21145,0.1598688387815135
21147,0.15422123154081918
21149,0.16479106691093084
21151,0.14598035526276845
21153,0.16004284066567803
21155,0.1729251275643028
21157,0.14467044383929378
21159,0.1353007579422674
21161,0.1666647103703269
21163,0.15553981258066327
21165,0.12521187093593023
21167,0.15818727908722963
21169,0.16821795230296008
21171,0.1649663065165832
21173,0.16735805214614607
21175,0.12460979324697259
21177,0.1444902377629674
21179,0.16846941123853112
21181,0.17245763883130166
21183,0.17153449603320722
21185,0.1707749286206409
21187,0.15045128016209247
21189,0.16518771331058021
21191,0.16169089233900355
21193,0.16801159022931206
21195,0.14591180611041357
21197,0.17371608566464794
21199,0.1578770034466237
21201,0.14547874869259295
21203,0.1466485485461411
21205,0.1373731769181991
21207,0.16455625342872177
21209,0.17866439041868207
21211,0.15981432902661663
21213,0.17053117683236046
21215,0.15734378076966926
21217,0.16244096063016353
21219,0.19079784630445426
21221,0.1480857706210976
21223,0.1531572088615093
21225,0.12336614711512167
21227,0.1631606987301347
21229,0.16511585477102717
21231,0.145691447945516
21233,0.17016291698991468
21235,0.18530514550475133
21237,0.16279397267990423
21239,0.1534852045321878
22001,0.1847885901478024
22003,0.16202486066754337
22005,0.19070111098955286
22007,0.14945813981183756
22009,0.17007807975717396
22011,0.1809527373023594
22013,0.15841569150548718
22015,0.17917101813259798
22017,0.17062075425158166
22019,0.18228941514519206
22021,0.16450531248737524
22023,0.15514072372199886
22025,0.14955423163054044
22027,0.1291405522012739
22029,0.17079540134214222
22031,0.1695225723585305
22033,0.16478800647418915
22035,0.17447330742483125
22037,0.12768957593482347
22039,0.1807465147654025
22041,0.18327568055346669
22043,0.15070712495524527
22045,0.18554571932465116
22047,0.14636364753745745
22049,0.15255340326161856
22051,0.16202928695768243
22053,0.1833859808422749
22055,0.17271982903323535
22057,0.16617003922468734
22059,0.16127730006862864
22061,0.13990860972861496
22063,0.18239130930787043
22065,0.17528320187398203
22067,0.1759587781827565
22069,0.16343421610060035
22071,0.1448751829077122
22073,0.17738982812169954
22075,0.18394237678449296
22077,0.15423641419442755
22079,0.17690264296962044
22081,0.16845332889638942
22083,0.16715282686391827
22085,0.16345846980767614
22087,0.19352972455599277
22089,0.1717654075846917
22091,0.14752087372878003
22093,0.16507897311210099
22095,0.17332896461336827
22097,0.1922034014236927
22099,0.1725385919380729
22101,0.1751018435407029
22103,0.16608624572010242
22105,0.1794346252129472
22107,0.15855464051078003
22109,0.1814737247451125
22111,0.15200594892629135
22113,0.17917557911215173
22115,0.18807586479641208
22117,0.170351195698439
22119,0.1615552606555835
22121,0.1772102965253775
22123,0.15539828895581959
22125,0.11810608592805903
22127,0.14820199809978982
23001,0.1554641457228499
23003,0.12837761244787038
23005,0.12860781760059536
23007,0.1229607330187067
23009,0.11940950702430285
23011,0.13453410080499564
23013,0.12215662529014028
23015,0.1194369228632924
23017,0.12436414724792548
23019,0.1246026227874389
23021,0.11404682274247491
23023,0.13304843623980642
23025,0.12958484722139496
23027,0.12724253327630022
23029,0.1311844412561773
23031,0.1286989907833168
24001,0.12157953906689152
24003,0.1616315676537836
24005,0.15519513387301692
24009,0.1586603261282418
24011,0.16877421680233082
24013,0.15056105759683996
24015,0.15764527813157683
24017,0.16722815920923512
24019,0.14973662044428798
24021,0.163701611055967
24023,0.12754294404313413
24025,0.1558812287150169
24027,0.16969221254642217
24029,0.10786908854879766
24031,0.16537107909557827
24033,0.16249209137992737
24035,0.14715727059723618
24037,0.17069218765960892
24039,0.12119727099397382
24041,0.12870075322560642
24043,0.15417505464071163
24045,0.15467093958608943
24047,0.11976612309955861
24510,0.14963170923141944
25001,0.10195413022461364
25003,0.11391631315694555
25005,0.14429223195255222
25007,0.1280906156355937
25009,0.14917993212899494
25011,0.11942195739235255
25013,0.14934622919650004
25015,0.0943351644397534
25017,0.1390062265422595
25019,0.15506601733504458
25021,0.14497552609347206
25023,0.14680945508909543
25025,0.11896120910138036
25027,0.14595297970992901
26001,0.08673026886383348
26003,0.10233468167428772
26005,0.16946474355162353
26007,0.1321596773738684
26009,0.12040240271251784
26011,0.12656589220458744
26013,0.11722004336069766
26015,0.15401474591947062
26017,0.13841048524199856
26019,0.12356963910894442
26021,0.15403213074627722
26023,0.16340778904777487
26025,0.16139150440842734
26027,0.14293006438639572
26029,0.12638603065393003
26031,0.11064477995604674
26033,0.12616201859229748
26035,0.14206397025001136
26037,0.15440310495880483
26039,0.1272722076140391
26041,0.13725127929501604
26043,0.1415026862065677
26045,0.14518874773139745
26047,0.12923718655607233
26049,0.15818046886611112
26051,0.13354374586783363
26053,0.11854312220822356
26055,0.14073062405230727
26057,0.13485810187782662
26059,0.1508805705659717
26061,0.1396614996987457
26063,0.13632217370208635
26065,0.13952642510342883
26067,0.15585960000743251
26069,0.1202149200427289
26071,0.11975668483081993
26073,0.12001129361744534
26075,0.15154121700820503
26077,0.15401905747617817
26079,0.14460699783056127
26081,0.17256784091047558
26083,0.09686582709970647
26085,0.11923688394276628
26087,0.13750524238736603
26089,0.11143159931806663
26091,0.1446866087041192
26093,0.14257406298997105
26095,0.11514762516046213
26097,0.1076711769400672
26099,0.14678537428304014
26101,0.11646861856343664
26103,0.12584552508440444
26105,0.14356105181300796
26107,0.12720832172044558
26109,0.11995387405151317
26111,0.14861491877736402
26113,0.16457898861628786
26115,0.14694341594227237
26117,0.15579768149243328
26119,0.10096474076620612
26121,0.16365447115490153
26123,0.15782205320700904
26125,0.14500411766055687
26127,0.1569502310431028
26129,0.12958430532716356
26131,0.08073445931740135
26133,0.1530131423382053
26135,0.138142523364486
26137,0.14648729446935724
26139,0.1673279523983052
26141,0.10708485909886961
26143,0.10338179572351401
26145,0.15185157627894838
26147,0.14122499193288157
26149,0.1724253639279546
26151,0.14890193477921673
26153,0.12186850183186454
26155,0.14387294383237897
26157,0.13989541679483236
26159,0.16503535033787453
26161,0.12766171002923582
26163,0.17012016938457641
26165,0.16528067148630818
27001,0.11288140308283702
27003,0.16901194514000506
27005,0.17244719337145525
27007,0.18418172327277013
27009,0.18618177891435275
27011,0.15623489608506522
27013,0.1415568146889444
27015,0.15439018944951202
27017,0.1553504502992672
27019,0.18516041631238334
27021,0.14837353173078865
27023,0.1788167290037402
27025,0.16061249898023247
27027,0.18090868756085238
27029,0.17701008170046195
27031,0.11023506545894605
27033,0.17823700355182434
27035,0.15108550763990028
27037,0.17375922028851795
27039,0.17820783711102575
27041,0.15472244146277295
27043,0.1546681582007389
27045,0.17878383530308806
27047,0.1548889816526527
27049,0.1564769398755568
27051,0.16396202275941016
27053,0.1598571742061078
27055,0.15509913486224675
27057,0.15276818868839917
27059,0.1674269486141759
27061,0.14473146189265587
27063,0.15035050537985
27065,0.14962602704395564
27067,0.17780844963077597
27069,0.16014914938242836
27071,0.12060170045781557
27073,0.14445386805597624
27075,0.13607111178213524
27077,0.13056794368921606
27079,0.16759885354926676
27081,0.16811573546180159
27083,0.18814428958030255
27085,0.15935893559117026
27087,0.2398491879350348
27089,0.1656089322978293
27091,0.15629841011006929
27093,0.170063550883998
27095,0.17065925422486275
27097,0.16572091513482973
27099,0.1793637274549098
27101,0.1521818848551522
27103,0.15485971972815823
27105,0.2063955373937861
27107,0.16935585528803732
27109,0.17745689004663245
27111,0.1573429199612165
27113,0.1654232567392818
27115,0.13385036743769832
27117,0.1905673665214138
27119,0.17709470458680454
27121,0.1516931150818443
27123,0.1713457764730965
27125,0.1730645400960919
27127,0.17703691915977085
27129,0.1685277088502895
27131,0.15240985152015082
27133,0.17307195174493753
27135,0.16993247716139281
27137,0.13340416222740262
27139,0.1914825324212934
27141,0.1856921583610417
27143,0.16016416016416019
27145,0.16646283395549474
27147,0.17346457556481684
27149,0.15220021020485058
27151,0.16763231560445283
27153,0.17539350063041442
27155,0.15187461585740628
27157,0.15470146552444242
27159,0.18524619095240893
27161,0.1625152243503379
27163,0.16982337970493122
27165,0.177050625241007
27167,0.16155135727642014
27169,0.1226627994447331
27171,0.19634908959819053
27173,0.16332803828935696
28001,0.14364608424886904
28003,0.1586005166388087
28005,0.14415457361813142
28007,0.17784738920385607
28009,0.14927075496881598
28011,0.17942009176998924
28013,0.16035226254480286
28015,0.12630600408221004
28017,0.17916168506927352
28019,0.15133024164022454
28021,0.14857352972984664
28023,0.15592325521503994
28025,0.15707099517709902
28027,0.19799801605194337
28029,0.160036589516678
28031,0.17623202125714038
28033,0.1756736231355752
28035,0.16931703695848135
28037,0.1559518548366132
28039,0.19603978211440629
28041,0.1346775026180327
28043,0.16951902646320263
28045,0.13745720385912752
28047,0.17129133386351322
28049,0.1693832678699541
28051,0.177466105656849
28053,0.181433759514452
28055,0.06680553489064127
28057,0.15183889251311075
28059,0.16156656212674708
28061,0.1611451492582945
28063,0.16318818174010136
28065,0.14560434618359747
28067,0.17999741985422177
28069,0.12433835812184273
28071,0.13016915430058498
28073,0.17622974215851067
28075,0.16648586509504226
28077,0.1756720151691391
28079,0.17097288676236044
28081,0.17892991901721791
28083,0.20027353189197614
28085,0.16590145839693757
28087,0.17130910656090512
28089,0.1739773166523678
28091,0.1618525448795993
28093,0.1474793715383746
28095,0.15811277592201628
28097,0.1613835807430493
28099,0.19602558623636943
28101,0.1783909574468085
28103,0.18044042696413118
28105,0.12555599853036595
28107,0.17755327008549013
28109,0.1595714080253128
28111,0.15783749414363163
28113,0.1833411386219254
28115,0.18829386369874976
28117,0.16259614087167723
28119,0.16144343878062442
28121,0.16047475289447996
28123,0.1973885014191377
28125,0.1740039008080245
28127,0.1619666410985276
28129,0.15940747850025888
28131,0.15274782158571307
28133,0.15299926179344503
28135,0.1422986142284134
28137,0.15639999719713266
28139,0.17052579924029007
28141,0.15073255525204868
28143,0.21369177868083777
28145,0.18011029718964988
28147,0.15824561403508772
28149,0.16795323291194056
28151,0.18645730661117801
28153,0.1755689550696852
28155,0.165375854214123
28157,0.1474708984874184
28159,0.1553199799140769
28161,0.1571731355146377
28163,0.14811488913495557
29001,0.1225457368116648
29003,0.16278885364748527
29005,0.1421484375
29007,0.15768737836426638
29009,0.1617421841253457
29011,0.1605572723702856
29013,0.1613836072084595
29015,0.12162203993189909
29017,0.1501585833223206
29019,0.14661271035542212
29021,0.16145586664012648
29023,0.16722869260487214
29025,0.16162558294470353
29027,0.14698840221096762
29029,0.12101775568489619
29031,0.15166387720329913
29033,0.15864127542402295
29035,0.16529729367181997
29037,0.16844478349482506
29039,0.17266509071071884
29041,0.16348516348516348
29043,0.1788486614583924
29045,0.16052259053910578
29047,0.17126306884490114
29049,0.16089450445478198
29051,0.1570366199826401
29053,0.15184825342310992
29055,0.15756166751995432
29057,0.143891186764238
29059,0.17012339509037472
29061,0.17713369451665412
29063,0.12348652830730455
29065,0.15990056927951368
29067,0.1569682375175273
29069,0.18631437712870266
29071,0.1612802317161477
29073,0.14434016315172016
29075,0.18678099539226756
29077,0.1496327761606709
29079,0.17794049043668742
29081,0.17039280734650702
29083,0.1567986183201198
29085,0.11770511770511771
29087,0.14386749406826063
29089,0.1554422575290491
29091,0.1716270486269136
29093,0.1431631985082621
29095,0.16970129535725048
29097,0.1776663817598004
29099,0.1623897868395011
29101,0.15666008466734188
29103,0.16690290574060948
29105,0.17887676803990518
29107,0.16284704756529952
29109,0.1793849181426119
29111,0.15510054695919154
29113,0.1839532462937891
29115,0.1638792043521466
29117,0.1521544222351142
29119,0.18370541013444006
29121,0.16181397574984044
29123,0.16290231507622813
29125,0.13932610200784676
29127,0.1660716285842294
29129,0.1702328159645233
29131,0.1684464536145475
29133,0.14766232976653698
29135,0.17458720041745873
29137,0.15332142277082994
29139,0.1543417853421327
29141,0.168399633935004
29143,0.1682321998872816
29145,0.16737611105184738
29147,0.10534428256685797
29149,0.16038005838246236
29151,0.1570289205822305
29153,0.13203496396258244
29155,0.1857358519289076
29157,0.1607399557201767
29159,0.17856247605624478
29161,0.14699095092771813
29163,0.15586382493031017
29165,0.16724517139042827
29167,0.1588283649893999
29169,0.15771087258380906
29171,0.16369529983792547
29173,0.14588203210222844
29175,0.1541994856782416
29177,0.15808570207495662
29179,0.1382580004484736
29181,0.16546892928316925
29183,0.16199678372280596
29185,0.13835833012861598
29186,0.15359297244470405
29187,0.1484734395789951
29189,0.15620660041218595
29195,0.15699161233449418
29197,0.19596331847788825
29199,0.21350798198935736
29201,0.17342823125862133
29203,0.1531896107718343
29205,0.17312836487996477
29207,0.15398742086258915
29209,0.11231604380432396
29211,0.16337593219225335
29213,0.14724876923790928
29215,0.15139483115201843
29217,0.16598557575639916
29219,0.16869341980813402
29221,0.15879245896310742
29223,0.1456713161380815
29225,0.19375215460426257
29227,0.13927327028372324
29229,0.18310400914366096
29510,0.14112989067178655
30001,0.11884628265237775
30003,0.24500173524663135
30005,0.21632493770826455
30007,0.1394144144144144
30009,0.11466671654073464
30011,0.17005279155335146
30013,0.16522122303486544
30015,0.14836985569214323
30017,0.14709442037501536
30019,0.14929812039019746
30021,0.150317114948382
30023,0.08924240106636365
30025,0.19752300070771409
30027,0.14704441096934612
30029,0.1557363729222769
30031,0.1425357820089877
30033,0.1645873320537428
30035,0.23222541455802354
30037,0.15744577138679014
30039,0.10104240701255626
30041,0.21076591519965132
30043,0.13871976304097416
30045,0.13608578013829042
30047,0.16412017845157723
30049,0.15399327708823607
30051,0.14644780713003336
30053,0.12349996984864017
30055,0.1479826044938391
30057,0.10625539559952403
30059,0.13142239048134127
30061,0.12777220041982293
30063,0.1326244490375277
30065,0.12842050571527538
30067,0.12149329729599284
30069,0.12305805396565822
30071,0.174553208773355
30073,0.17995737050444904
30075,0.11874479971472722
30077,0.10460761257730163
30079,0.14054054054054055
30081,0.12934644800739645
30083,0.18235305035357005
30085,0.2515033346696308
30087,0.2106964113382858
30089,0.12250542389162154
30091,0.15406043723127233
30093,0.14766919356498473
30095,0.1412061138644788
30097,0.13965730246548852
30099,0.177637805554649
30101,0.15700135455469014
30103,0.17260195290063182
30105,0.1607365623474535
30107,0.1519617045241224
30109,0.14874330449114134
30111,0.16799185367448766
31001,0.16675660747503349
31003,0.17129378765180248
31005,0.17266811279826463
31007,0.18682212581344904
31009,0.14016288041148736
31011,0.16782729805013927
31013,0.18492282454701367
31015,0.12823996655518397
31017,0.14379263301500683
31019,0.167796555969493
31021,0.15867445182930615
31023,0.1614790369759244
31025,0.16400881529208308
31027,0.18022088353413654
31029,0.17506387327542158
31031,0.17125198657955146
31033,0.16270965421107064
31035,0.1785263157894737
31037,0.2143915661520569
31039,0.1718604598379446
31041,0.17158126845311508
31043,0.21586039806175164
31045,0.11990407673860912
31047,0.1969242278689779
31049,0.14847358341782135
31051,0.18468500570125426
31053,0.1732642668431618
31055,0.18664595403055756
31057,0.12545820030743762
31059,0.13549028268551236
31061,0.14483500235230862
31063,0.13519377525063594
31065,0.15200859291084856
31067,0.16228192928444818
31069,0.13861926055185952
31071,0.12620865139949108
31073,0.14867185132814867
31075,0.18778135048231512
31077,0.16768916155419225
31079,0.1998185759852241
31081,0.1717075904887145
31083,0.14898660661372526
31085,0.1772428884026258
31087,0.1561771561771562
31089,0.1854460562284255
31091,0.15083798882681562
31093,0.1722361024359775
31095,0.15319209441205744
31097,0.1337494074893348
31099,0.17612069766721397
31101,0.1458411507191995
31103,0.11880940470235117
31105,0.15191968225948807
31107,0.17262995467258171
31109,0.16209309109273845
31111,0.16536386593204777
31113,0.1654175588865096
31115,0.14888487040385773
31117,0.10483543275091427
31119,0.1870413561636043
31121,0.1568459784411277
31123,0.15611377271353963
31125,0.1552500998117835
31127,0.16291229756083775
31129,0.13577377493705212
31131,0.17240125847654147
31133,0.156984785615491
31135,0.17634797109505282
31137,0.16826058978853706
31139,0.17981063692299046
31141,0.19200829994962457
31143,0.15434306148344676
31145,0.15913822589040078
31147,0.15285013790989888
31149,0.14758004467609828
31151,0.18563432835820895
31153,0.19608527061065958
31155,0.17489528064786372
31157,0.17822823244960498
31159,0.16511433893695074
31161,0.15827667863417616
31163,0.1480512510900919
31165,0.11641483516483517
31167,0.1723025735044476
31169,0.1681376875551633
31171,0.16421636615811375
31173,0.2636655948553055
31175,0.16344200445003385
31177,0.16835052745888923
31179,0.1359803232607168
31181,0.1551356644968028
31183,0.14256357564860006
31185,0.16751313485113833
32001,0.1676829758820974
32003,0.165649568814162
32005,0.10770605938840279
32007,0.1973377033223577
32009,0.10043567988993349
32011,0.17068093963722866
32013,0.19577217936642305
32015,0.1930009066183137
32017,0.13561348037325519
32019,0.15275488251236347
32021,0.14730752113929685
32023,0.11738027453193038
32027,0.1202967359050445
32029,0.0773528983042612
32031,0.1536870465441894
32033,0.14497759912908761
32510,0.14646318089813173
33001,0.12603403141361255
33003,0.10588582410962721
33005,0.12451894429251309
33007,0.1109707239954032
33009,0.10957601153662397
33011,0.1411984588758978
33013,0.13054356351460905
33015,0.13094882518538195
33017,0.12591001708803581
33019,0.12873397398608558
34001,0.14896104900609222
34003,0.14733563075129263
34005,0.14440620791536674
34007,0.16154206602431725
34009,0.12276955593342698
34011,0.1716460600474517
34013,0.17217865435862686
34015,0.15022895918028079
34017,0.15514728956561957
34019,0.12631075142496628
34021,0.1501456330371993
34023,0.15374251598412572
34025,0.14285089512425997
34027,0.1422539674522688
34029,0.17815386639228495
34031,0.17172173656831263
34033,0.15205335972189202
34035,0.14622144669857265
34037,0.13149487376412178
34039,0.16813816206043672
34041,0.13114797737319958
35001,0.15084136686293112
35003,0.07591697469434176
35005,0.18106440774452232
35006,0.16956374957800366
35007,0.124607452936336
35009,0.1947868709399862
35011,0.15529303819245327
35013,0.1718028233445816
35015,0.19341284296675892
35017,0.1376482593392292
35019,0.1405066232860795
35021,0.0892514395393474
35023,0.1632098412244314
35025,0.21608344530169488
35027,0.12957147095229815
35028,0.15217751970136872
35029,0.19030934450035458
35031,0.20071369858017746
35033,0.1207688908528502
35035,0.16811200749245717
35037,0.15067194828549904
35039,0.16599920830355902
35041,0.17508295368463728
35043,0.15927275608017114
35045,0.183468228112169
35047,0.1209218644154217
35049,0.12098932083037134
35051,0.11642234180738541
35053,0.15732291344023253
35055,0.12105292128165766
35057,0.1409128544814738
35059,0.1346999259076315
35061,0.16456241370039648
36001,0.12908273422048433
36003,0.1385823754789272
36005,0.18014858085905378
36007,0.13625643925442124
36009,0.15353385313468557
36011,0.13683319043934672
36013,0.1425368454060834
36015,0.15089389561025912
36017,0.1458163438668026
36019,0.12756275443062884
36021,0.11593728596829211
36023,0.13192224622030238
36025,0.11127916735858964
36027,0.12724060144274854
36029,0.14338305464097661
36031,0.11016580828824131
36033,0.13543743520216922
36035,0.14216606823610714
36037,0.14306671836195786
36039,0.11313630982580755
36041,0.08992494882874687
36043,0.14220708313639846
36045,0.18206990715456037
36047,0.1705763820628676
36049,0.16530634039177394
36051,0.11983564111223685
36053,0.13043755988502076
36055,0.14604308063241087
36057,0.16441192654941203
36059,0.15097619785039784
36061,0.10728677572015353
36063,0.14123305556989296
36065,0.15228978323850745
36067,0.14961701156657914
36069,0.1379976743805172
36071,0.1802500540342827
36073,0.1341480956089141
36075,0.14679085900074834
36077,0.10833889566598384
36079,0.1313714693586214
36081,0.14840363294885248
36083,0.13687138587995012
36085,0.15435811375346356
36087,0.20614682311901203
36089,0.13916863100800425
36091,0.13818956610895888
36093,0.1547390674044758
36095,0.11896701499782825
36097,0.1315724401483646
36099,0.1405090231636786
36101,0.15055706998631757
36103,0.14571692731492528
36105,0.1503530741734402
36107,0.1423968160131889
36109,0.09932646943142277
36111,0.12053990887017199
36113,0.12603149611238487
36115,0.13028724385949986
36117,0.15114655053166567
36119,0.15220636317049233
36121,0.13057227019814194
36123,0.15815495207667732
37001,0.15570557287424758
37003,0.13923102841525964
37005,0.1208107962407231
37007,0.14025274158278803
37009,0.12064671117595908
37011,0.10075726658504511
37013,0.13781111722713638
37015,0.12152131619015394
37017,0.14139346773699368
37019,0.10480297914820591
37021,0.12920935109464748
37023,0.12717561022944804
37025,0.1793695940262686
37027,0.13903576376017013
37029,0.1566055859317275
37031,0.11908291276135544
37033,0.13005606017598637
37035,0.15391014766259448
37037,0.1381227524344418
37039,0.11464356553614106
37041,0.1394998060707052
37043,0.1159262498438253
37045,0.15487045320969112
37047,0.14440929869792232
37049,0.1559719116060118
37051,0.18343850622426353
37053,0.1573298278053854
37055,0.12912372391583674
37057,0.15193266370383132
37059,0.1439956546576638
37061,0.16971112854268272
37063,0.15076153073204657
37065,0.1585471351081738
37067,0.16083505756328884
37069,0.15270472033995636
37071,0.15970631062763654
37073,0.13958084143741226
37075,0.1362126245847176
37077,0.14198800427898164
37079,0.14071230377437377
37081,0.15620269686971533
37083,0.14954762105195643
37085,0.18964241025008371
37087,0.12940585709411392
37089,0.13219074809905898
37091,0.12700186841051647
37093,0.20530781480688795
37095,0.11892987434130523
37097,0.15712170461040095
37099,0.11488661690310256
37101,0.17769346258819918
37103,0.1287351921563623
37105,0.1703735659213945
37107,0.15825433335482994
37109,0.1468591919808562
37111,0.1402989258993184
37113,0.13021080685443542
37115,0.12118997149331191
37117,0.14436578855750262
37119,0.16846841979190866
37121,0.1288221021729514
37123,0.14934360541055103
37125,0.15514519323306478
37127,0.15317716815960913
37129,0.12813880724055715
37131,0.12129122431990794
37133,0.18921461059687203
37135,0.12910005639801184
37137,0.10352169318844923
37139,0.1571467915174883
37141,0.15773296253635316
37143,0.1312236726552848
37145,0.14462761663476525
37147,0.14962573640837967
37149,0.10577815594059406
37151,0.15573089527043538
37153,0.16479849175962866
37155,0.17718210459218683
37157,0.1413861141941053
37159,0.1545505025734693
37161,0.14166215735456347
37163,0.17304991399580236
37165,0.1685670509517224
37167,0.15323328542336584
37169,0.12775636626014114
37171,0.1456652789528205
37173,0.1617459538989701
37175,0.10826936011318042
37177,0.13124314624663544
37179,0.17643052681893084
37181,0.16778212775138326
37183,0.1670727088233506
37185,0.1254277561713665
37187,0.14145152086323473
37189,0.0868203016895297
37191,0.17140113666273482
37193,0.13897119811953937
37195,0.16049597127299944
37197,0.14608887139498516
37199,0.12710379847883452
38001,0.13923021322732201
38003,0.1359644927397601
38005,0.26201554953469197
38007,0.16382105035660255
38009,0.15270420301348137
38011,0.17581321093594093
38013,0.18404325965278437
38015,0.17068804726765183
38017,0.16825282305228523
38019,0.16677364142062476
38021,0.17404842872946288
38023,0.1727813804743715
38025,0.18997001907876804
38027,0.17091993335087258
38029,0.1357169367808982
38031,0.15734614904506303
38033,0.14239631336405528
38035,0.15937772748853565
38037,0.15504627589246364
38039,0.15230352303523034
38041,0.1911292909849214
38043,0.15638624253189085
38045,0.15137523582563794
38047,0.16140579238529126
38049,0.17075386012715713
38051,0.13609372492376826
38053,0.24295092049146358
38055,0.16222878636547167
38057,0.16998014365209715
38059,0.17418360429271287
38061,0.20994622123406115
38063,0.1377216250174508
38065,0.18323586744639375
38067,0.14755209714976275
38069,0.16310336113217083
38071,0.17272348983979471
38073,0.16001077254539858
38075,0.1591914635204303
38077,0.15811730771581176
38079,0.2485806113636042
38081,0.15823338652391
38083,0.13073289654121592
38085,0.2620442093330814
38087,0.15042826552462527
38089,0.20603502148988
38091,0.16070287539936104
38093,0.1428791570755762
38095,0.15743467059256533
38097,0.16076490774357188
38099,0.167159401186329
38101,0.17894786511817204
38103,0.14919207237358156
38105,0.22703813412323537
39001,0.16734066762331318
39003,0.16295448251112682
39005,0.15642387455741022
39007,0.15512667654060208
39009,0.09625381572003766
39011,0.17122983702649144
39013,0.13260101531346383
39015,0.16115740697921774
39017,0.16400425321587148
39019,0.14472193230952735
39021,0.1540103753055352
39023,0.1583529352176964
39025,0.15970941766833935
39027,0.16099510735706765
39029,0.14224681052134194
39031,0.17155996531703085
39033,0.152801826289672
39035,0.14741917419922354
39037,0.16720652383027676
39039,0.15760772394064007
39041,0.18000744637363525
39043,0.142032828316921
39045,0.16789263919723954
39047,0.1669176424228777
39049,0.1719513306778024
39051,0.1656344834803124
39053,0.16319451419999867
39055,0.15327675159645415
39057,0.14631393240056004
39059,0.15685191114048766
39061,0.16611643398476458
39063,0.15689515629407594
39065,0.1622803138463871
39067,0.14218971086846252
39069,0.16360285922337311
39071,0.1668240932461671
39073,0.152825357646942
39075,0.21816444730911466
39077,0.1698267874917768
39079,0.1718741294240734
39081,0.13448339032730827
39083,0.15964331713786553
39085,0.1365042950994148
39087,0.15251297487362575
39089,0.1635948816396119
39091,0.16361215125784503
39093,0.15353948872258133
39095,0.16568273403740566
39097,0.14270293996452693
39099,0.1399381091911961
39101,0.15216340157131109
39103,0.1519060430717822
39105,0.14539516312628056
39107,0.189575515375993
39109,0.16259442582717587
39111,0.14237089201877934
39113,0.15802871451617329
39115,0.14364671419886144
39117,0.15447251621713895
39119,0.1614080434388467
39121,0.13429657159560696
39123,0.12350676471461516
39125,0.16361604024032414
39127,0.1672637794182178
39129,0.14892348800164432
39131,0.16468871665595228
39133,0.12600279482350082
39135,0.1540670420129293
39137,0.18456652228272788
39139,0.15390286152544166
39141,0.1500418410041841
39143,0.15503070933070112
39145,0.15331559916532597
39147,0.14934673874237742
39149,0.1733467182232798
39151,0.15060140128984326
39153,0.14766483846667877
39155,0.14279781830336116
39157,0.16322449228836625
39159,0.1745298749736267
39161,0.16469727741404042
39163,0.1520245398773006
39165,0.16717244590044963
39167,0.13816176077781933
39169,0.1727001460882539
39171,0.15831764242238475
39173,0.14161647690467513
39175,0.15775248145824877
40001,0.19471236495901267
40003,0.14130817432936704
40005,0.1622295081967213
40007,0.17392459850411937
40009,0.18465038621727242
40011,0.185480093676815
40013,0.16937157208853626
40015,0.17961929995816484
40017,0.18721508173016388
40019,0.17863044566850275
40021,0.1536862019195486
40023,0.17373994417993763
40025,0.18244195883071715
40027,0.14768117868461372
40029,0.16717881182323677
40031,0.17299012194941343
40033,0.15809187279151943
40035,0.1509698627031469
40037,0.16572811558761336
40039,0.17874118604539826
40041,0.13928390104848365
40043,0.2003367003367003
40045,0.15541986326392151
40047,0.18862134786794008
40049,0.17742716867077854
40051,0.16481241170571084
40053,0.17303422756706754
40055,0.1407838463156419
40057,0.17980332829046897
40059,0.18394176445023905
40061,0.16446866658192447
40063,0.15765188413227377
40065,0.18429276651299417
40067,0.1747838568615015
40069,0.17009900990099008
40071,0.1788448891934275
40073,0.18981605244732988
40075,0.1753284100582051
40077,0.15410911533977514
40079,0.16954758941832926
40081,0.16566174947644582
40083,0.15652997968110507
40085,0.17413294797687862
40087,0.17770964600186837
40089,0.18337871000036626
40091,0.1373414739085005
40093,0.1868790411607002
40095,0.1633119691028208
40097,0.16563367094656867
40099,0.16345359797249195
40101,0.1756029411764706
40103,0.16810873170379984
40105,0.1605301914580265
40107,0.16550089311052868
40109,0.18688406852528014
40111,0.16534881185394398
40113,0.1486378530325232
40115,0.17841232045472005
40117,0.16461061632508056
40119,0.13218918293930154
40121,0.16031516320951922
40123,0.17423025121812974
40125,0.16665979341762685
40127,0.15593428638557047
40129,0.17065650053260076
40131,0.16227795487692032
40133,0.17185166852287256
40135,0.16569014655035227
40137,0.16136526589256284
40139,0.2072936086215319
40141,0.16415354874344104
40143,0.18249641284654422
40145,0.1698747929876175
40147,0.17040444252464285
40149,0.17441368527545298
40151,0.1501685155011941
40153,0.17439808020308598
41001,0.14488410266613608
41003,0.10879324335374893
41005,0.1493460172172691
41007,0.13428076118757978
41009,0.1456535554857926
41011,0.13030882330085017
41013,0.14315877684483808
41015,0.10321814179391313
41017,0.1402423498501164
41019,0.13797226034819043
41021,0.14007537688442212
41023,0.12615298871394734
41025,0.14527667877079833
41027,0.166459574103432
41029,0.14740167922294498
41031,0.1708496169127146
41033,0.1391722453058072
41035,0.1578933492688414
41037,0.13676388252659438
41039,0.12855563618959925
41041,0.11709665661287286
41043,0.15981351174208228
41045,0.18798232695139913
41047,0.17519837958833717
41049,0.19426514614013532
41051,0.13422487963190263
41053,0.15675630668032814
41055,0.1338298352516362
41057,0.13358337286527514
41059,0.17920325529474104
41061,0.15509861954884988
41063,0.1365947162263522
41065,0.1611953304586908
41067,0.1605567925835644
41069,0.09598918431726002
41071,0.15305590903340552
42001,0.13782804325551395
42003,0.13403491200012072
42005,0.13541724759727103
42007,0.13672852141290334
42009,0.13359991625667328
42011,0.15604110016197806
42013,0.14261766982902283
42015,0.15709623386464244
42017,0.13876287751822416
42019,0.13790405455904334
42021,0.1339499309275919
42023,0.12882773506002967
42025,0.13351270440959104
42027,0.1011642711600431
42029,0.15612514045954595
42031,0.13237727240029187
42033,0.12686119678273872
42035,0.13857768119804428
42037,0.12048967118785887
42039,0.14375209174943315
42041,0.14415287813163616
42043,0.16236957796647536
42045,0.15663911324431964
42047,0.1356035533879115
42049,0.14910811724798903
42051,0.13511646820715945
42053,0.05690538855797202
42055,0.15682435558450353
42057,0.13947037962106892
42059,0.1384863035523959
42061,0.12116710454393172
42063,0.12403510701274513
42065,0.15099861066877146
42067,0.1564185544768069
42069,0.1451104881894562
42071,0.16914458517116868
42073,0.14042299323865898
42075,0.16164927841951213
42077,0.15939159313603365
42079,0.13945753366023153
42081,0.14514581312186042
42083,0.13785599905689108
42085,0.13157088290339172
42087,0.16029482705420664
42089,0.1309224322336097
42091,0.15178284508368498
42093,0.1473173956152914
42095,0.13541872612254618
42097,0.13864280730266124
42099,0.152814932038414
42101,0.16043225395636956
42103,0.11426375134253622
42105,0.14193940129941102
42107,0.13710120446012222
42109,0.14224266887699802
42111,0.12421553185507095
42113,0.06970421566379509
42115,0.12891475256676574
42117,0.14069239584306745
42119,0.12075726309240589
42121,0.13352185089974292
42123,0.1372513932205123
42125,0.1372812634612673
42127,0.11288309094313713
42129,0.12680442607040182
42131,0.1348824367785215
42133,0.15560090460196174
44001,0.1241213580110452
44003,0.13154174977234942
44005,0.11704269821923152
44007,0.1454077421645545
44009,0.10623333171321374
45001,0.13685776776784916
45003,0.1518934996503173
45005,0.13273478431463062
45007,0.16141743564813305
45009,0.12957141654270396
45011,0.16774615133285925
45013,0.13119201221875215
45015,0.17111857043091316
45017,0.13190686659231415
45019,0.14293556760098708
45021,0.16262843122220516
45023,0.15947471833262866
45025,0.15550075473022784
45027,0.1298685138330084
45029,0.16155965156720306
45031,0.15559832113413516
45033,0.17895021145966455
45035,0.17049383690360512
45037,0.11932865694663777
45039,0.13284099769665791
45041,0.16685990394175054
45043,0.12424373172251786
45045,0.16512699959864685
45047,0.1626100028714761
45049,0.14940994954338851
45051,0.12437885614175649
45053,0.14519971782619692
45055,0.16273692968071765
45057,0.15801518287345698
45059,0.15740973642236342
45061,0.13783597518952448
45063,0.16279963555930627
45065,0.07718547396076104
45067,0.16068918167849086
45069,0.1423436817460743
45071,0.1525517541046359
45073,0.13954895406349735
45075,0.15439859274580778
45077,0.12867564854408156
45079,0.15097520105803236
45081,0.15530844378315942
45083,0.16460646758703482
45085,0.17296390375584655
45087,0.15057747586805173
45089,0.14169842923651135
45091,0.1709864283585856
46003,0.17214912280701755
46005,0.20143046876700996
46007,0.24765377488194154
46009,0.1388298955575597
46011,0.14663144717904034
46013,0.17191639530636707
46015,0.185618096535028
46017,0.2849948612538541
46019,0.1768444161996649
46021,0.11765561372891216
46023,0.22454747470388986
46025,0.21759209537106647
46027,0.12299304893008041
46029,0.1698618752865658
46031,0.2710096437709112
46033,0.09745762711864407
46035,0.16509319777293632
46037,0.1587489809530868
46039,0.16652079782578652
46041,0.291737504250255
46043,0.18892016201002265
46045,0.16552086066649171
46047,0.11645184389545292
46049,0.1928734022062686
46051,0.16312258357971343
46053,0.1677878147222756
46055,0.16869510001058313
46057,0.2367930391547545
46059,0.1592937036571572
46061,0.2131710725515314
46063,0.17280891917002167
46065,0.17985792562257633
46067,0.19151922071489502
46069,0.15465349590986263
46071,0.26778418649363134
46073,0.17212787212787214
46075,0.16198273954414694
46077,0.1738210522032795
46079,0.1419056028006258
46081,0.12078179991872225
46083,0.2023915260370407
46085,0.21696808510638296
46087,0.20593952483801298
46089,0.18276850446804924
46091,0.18100613098379958
46093,0.1607543971180335
46095,0.22885379323708943
46097,0.1703376060660769
46099,0.18771325044463882
46101,0.1935897435897436
46102,0.2725538409360692
46103,0.1661552977293811
46105,0.15011207621182407
46107,0.14682835820895523
46109,0.22137434074532003
46111,0.18629550321199143
46115,0.16068721576553815
46117,0.18348147667553366
46119,0.15054387237128353
46121,0.3109354934308011
46123,0.17466814159292035
46125,0.1744659450138902
46127,0.17410584930143494
46129,0.17004973291582245
46135,0.1507685828595494
46137,0.174856645133193
47001,0.1488794663579136
47003,0.1806008854133006
47005,0.14322034949337104
47007,0.09980727055226955
47009,0.13888566969237692
47011,0.15347763059604902
47013,0.14358009537799063
47015,0.15532028396733555
47017,0.15305624874508791
47019,0.12487595986612557
47021,0.15190067140600316
47023,0.149877487462502
47025,0.1334158895747728
47027,0.14178554508606622
47029,0.14273848280783125
47031,0.1724489071813795
47033,0.16465976706804658
47035,0.12352750208700493
47037,0.15424687053512745
47039,0.1428153098839012
47041,0.15222246165298647
47043,0.16220037129219358
47045,0.1680530648402221
47047,0.1306526051083614
47049,0.14429439348487638
47051,0.1361090040471333
47053,0.17181733564126847
47055,0.14798389013780316
47057,0.13722823748128002
47059,0.13271962887793565
47061,0.14808719460195394
47063,0.16341752682393493
47065,0.14938004864066706
47067,0.147662814329481
47069,0.13506671883858912
47071,0.14235852969487334
47073,0.13397971117934512
47075,0.15698986975397974
47077,0.1594100522304992
47079,0.14315559771119665
47081,0.1454962233064574
47083,0.14709478626626235
47085,0.15148664720510324
47087,0.12602669840999917
47089,0.13342173900301849
47091,0.11806862358442728
47093,0.14857906870306647
47095,0.10129322622913463
47097,0.15514085939088676
47099,0.17837646031226118
47101,0.1529749221439108
47103,0.15613465402046442
47105,0.13613975224389882
47107,0.14926278948544197
47109,0.14815046384944236
47111,0.1806630510133344
47113,0.15949411807701522
47115,0.14923291492329147
47117,0.16418102114793043
47119,0.16997150629504826
47121,0.1415835039579538
47123,0.14723381505880728
47125,0.20153168405810137
47127,0.13231976762151973
47129,0.13171969987916482
47131,0.15365220813350852
47133,0.14771835154621502
47135,0.16225815264635024
47137,0.11378103119032464
47139,0.13197057002714416
47141,0.14726113830150492
47143,0.15768240395110567
47145,0.1288923111595237
47147,0.16717509484140952
47149,0.17470392654625155
47151,0.16843726083312074
47153,0.14290485032259787
47155,0.14411133723481778
47157,0.18142662807469673
47159,0.15975901937587608
47161,0.144799754353643
47163,0.13384815664325755
47165,0.1661258459830819
47167,0.16882308464456586
47169,0.13112089755688372
47171,0.12791336419995292
47173,0.15093618647306076
47175,0.1422377001604698
47177,0.16394152206054005
47179,0.13287260900535547
47181,0.11468969991110256
47183,0.13593845460315204
47185,0.1556651185995495
47187,0.18350093816541227
47189,0.16638130030015458
48001,0.13536605680335378
48003,0.22695544952554547
48005,0.1821165495993362
48007,0.1266283280085197
48009,0.1497150629675664
48011,0.16774604522773118
48013,0.19612275842073712
48015,0.169745688590371
48017,0.21800051577409094
48019,0.1156599979196283
48021,0.17993443126693162
48023,0.16709467556925184
48025,0.1495912673160703
48027,0.20474020526678458
48029,0.1822651585049701
48031,0.11922030825022666
48033,0.13460356484326982
48035,0.14868635700180305
48037,0.16993916464240416
48039,0.1868549296559768
48041,0.14816195685667638
48043,0.13168536394469085
48045,0.13998963998963998
48047,0.20780281690140848
48049,0.14595131959536992
48051,0.15672946414028993
48053,0.14836866912046368
48055,0.1617095874401384
48057,0.17061321332065416
48059,0.15365667449330894
48061,0.2128607742551662
48063,0.18935047402816554
48065,0.16018329938900203
48067,0.15657747005988024
48069,0.20529554353906398
48071,0.1974859759587865
48073,0.1806292163837711
48075,0.1319364557655437
48077,0.1341970600072829
48079,0.18961625282167044
48081,0.1546476717489845
48083,0.1416875030641761
48085,0.17879626779911378
48087,0.18499246884841847
48089,0.16610289526897953
48091,0.15821145564611444
48093,0.15741366642174873
48095,0.12279411764705882
48097,0.17023603523029962
48099,0.1700505412885269
48101,0.15692749461593683
48103,0.20559224274847446
48105,0.1798402962620067
48107,0.18054050274446734
48109,0.1604869950193691
48111,0.23433580505554485
48113,0.18775144896743456
48115,0.18876982695053265
48117,0.2237674649621008
48119,0.1697283894962245
48121,0.17081314814864962
48123,0.1634773969200199
48125,0.1238387300441959
48127,0.20463228743937445
48129,0.13313098851395583
48131,0.1879933974450983
48133,0.14765717002128373
48135,0.22541318479489597
48137,0.16138059701492538
48139,0.18737927013195999
48141,0.1923820054427864
48143,0.14430148312889715
48145,0.15316202100679768
48147,0.14857200900641623
48149,0.1398028269390664
48151,0.15804852595877902
48153,0.1863181897912647
48155,0.13211169284467714
48157,0.19250646154653064
48159,0.15791741606714627
48161,0.15989019368613694
48163,0.167924639272271
48165,0.2647771612504795
48167,0.1710198735648463
48169,0.11396965059933689
48171,0.1390933602715611
48173,0.1804425410421128
48175,0.1444508458597392
48177,0.18989778436543533
48179,0.18241006501545148
48181,0.16993957371199495
48183,0.1864133866724377
48185,0.1567970824580014
48187,0.17422634014029992
48189,0.1898859811184254
48191,0.14838884375846195
48193,0.15595503486221124
48195,0.20574056218942371
48197,0.14759544130423674
48199,0.17474567588007126
48201,0.19207059565723372
48203,0.1760752809631818
48205,0.14804529717253317
48207,0.11535334252483474
48209,0.16247958939629348
48211,0.2045921322871136
48213,0.15017375395665347
48215,0.2321135845215962
48217,0.16296361043884902
48219,0.18117129549767122
48221,0.1497237713034867
48223,0.1714050802717556
48225,0.1404560146763344
48227,0.15936946048524792
48229,0.1517948717948718
48231,0.16885954697799696
48233,0.18015078742417576
48235,0.16007335603877393
48237,0.15348285432894618
48239,0.18294918983525066
48241,0.16930475420860197
48243,0.028082919914953933
48245,0.17608916711684516
48247,0.21671491989963326
48249,0.19756503858074276
48251,0.18459598984626793
48253,0.12273107236684978
48255,0.1511568320992083
48257,0.20023883413559
48259,0.15661513990066925
48261,0.15677546983184965
48263,0.15578284815106214
48265,0.13487301250151718
48267,0.12666174298375182
48269,0.18675595238095238
48271,0.1332751187032691
48273,0.1693499685199224
48275,0.19296904852884983
48277,0.17191191834766534
48279,0.19695439359801103
48281,0.14990512333965844
48283,0.1418838312876117
48285,0.1638210654090303
48287,0.1520953631304388
48289,0.16155511040501022
48291,0.19670920477372092
48293,0.15890266060445793
48295,0.17313915857605178
48297,0.14337023370233704
48299,0.10705746027074749
48301,0.2066508313539192
48303,0.16915489991607977
48305,0.19559284342464367
48307,0.15636537157495545
48309,0.17575577077789467
48311,0.1364496082139962
48313,0.1513520315427421
48315,0.1280960618703572
48317,0.23045138888888891
48319,0.13993511073494147
48321,0.187424855175429
48323,0.2251919181603091
48325,0.15939939381254703
48327,0.13022342712910162
48329,0.21599208229695013
48331,0.1638921036232529
48333,0.13402061855670103
48335,0.14928057553956836
48337,0.15909735158338056
48339,0.18566877718001928
48341,0.23335892514395393
48343,0.16558446815745584
48345,0.13464751085867022
48347,0.1640723740104412
48349,0.1904066861278842
48351,0.13568453125689978
48353,0.18562809153666357
48355,0.1740349340014754
48357,0.22253739566965286
48359,0.12543486664089681
48361,0.17860557183691456
48363,0.16676725142990384
48365,0.16215282873891687
48367,0.1754560148744616
48369,0.20124827787751012
48371,0.17932420137484834
48373,0.14309615924620137
48375,0.2004259294364376
48377,0.1994204976551065
48379,0.1452753065640779
48381,0.17062108377813878
48383,0.213271620989131
48385,0.11810064935064934
48387,0.13945152954905393
48389,0.1634669501594647
48391,0.1572173111808575
48393,0.16499650431134932
48395,0.17074256266104473
48397,0.18492585781616871
48399,0.1610620161101118
48401,0.15668753724699633
48403,0.12585616438356165
48405,0.14076324744773944
48407,0.15056818181818182
48409,0.18900679078903504
48411,0.14141915830601637
48413,0.1550254316211763
48415,0.17931307034562044
48417,0.15650680731019256
48419,0.18620109782022404
48421,0.18828285505997747
48423,0.17548982425189932
48425,0.14991425933254188
48427,0.24197992582089276
48429,0.15362244461551622
48431,0.19672897196261682
48433,0.15153777246939387
48435,0.16506087877183695
48437,0.17681707646582004
48439,0.18564766515600553
48441,0.1817989518489419
48443,0.14417887432536622
48445,0.19969840935255295
48447,0.1359262229350441
48449,0.2076689608002394
48451,0.17238285028376976
48453,0.154362524419219
48455,0.1411446301890403
48457,0.13701885292132443
48459,0.1676070633168343
48461,0.20535223650950654
48463,0.19259767986980994
48465,0.20952237112265848
48467,0.16069807681397855
48469,0.1820130944984859
48471,0.10451741015092117
48473,0.1698956413247666
48475,0.2098579531195101
48477,0.15023306827529476
48479,0.23574201977774095
48481,0.1828527597003189
48483,0.18206435170436447
48485,0.16308647643774685
48487,0.1530183232931727
48489,0.1670271681366425
48491,0.17981046940300205
48493,0.1656444126817086
48495,0.2072853642682134
48497,0.17526816375905105
48499,0.13191681617005224
48501,0.24038793004389492
48503,0.168267571929434
48505,0.24157398760505985
48507,0.20449104824842373
49001,0.22880187095226676
49003,0.22262081137605333
49005,0.2161108074757268
49007,0.17971297471443912
49009,0.14316148274392843
49011,0.2282696723258418
49013,0.2436185048202268
49015,0.19538081167460655
49017,0.15433133732534932
49019,0.15547005205654205
49021,0.20173286611416913
49023,0.24392897190005186
49025,0.16920147264186872
49027,0.21943477995483124
49029,0.23892129006530083
49031,0.14966634890371786
49033,0.2098304809798037
49035,0.1920447471099414
49037,0.20541240823377
49039,0.16866659836590425
49041,0.20188981064692535
49043,0.1620175409312241
49045,0.22859465795723805
49047,0.23638352827060377
49049,0.23763744095576014
49051,0.21609454468215666
49053,0.18022456630195255
49055,0.16507442790491003
49057,0.20103053046725397
50001,0.11369060998191141
50003,0.12845315512289437
50005,0.1302441912288054
50007,0.12068580404363552
50009,0.12149319794311007
50011,0.15745662298849641
50013,0.12660789532047018
50015,0.1425733244336252
50017,0.12745213284561505
50019,0.13651434123764103
50021,0.12244165170556554
50023,0.12796037637005642
50025,0.12361913784936049
50027,0.12433580909203552
51001,0.14951393710941374
51003,0.13855039087449736
51005,0.12581549576750956
51007,0.14764107025657464
51009,0.1385811553377209
51011,0.1510348474166583
51013,0.13773936981976612
51015,0.12720759039850651
51017,0.1083679582568364
51019,0.13584327943271055
51021,0.10372306515364019
51023,0.1267984854859066
51025,0.11452445014934215
51027,0.12060522170779439
51029,0.124361297866121
51031,0.13744084482355692
51033,0.16868287905989882
51035,0.12267402719806113
51036,0.1029208831646734
51037,0.14776046327092232
51041,0.16552144022769108
51043,0.13041031974749553
51045,0.11650447492867473
51047,0.17710171552279425
51049,0.13414609571788413
51051,0.137748808522568
51053,0.1392909689623765
51057,0.128576397151696
51059,0.1666987298106936
51061,0.16167630937022912
51063,0.13544995098850457
51065,0.1385612166852974
51067,0.13002408711268207
51069,0.1607003244156474
51071,0.14289315726290516
51073,0.14038387138374242
51075,0.11561816446662782
51077,0.11694596751357893
51079,0.16762115207233141
51081,0.11644149705456983
51083,0.14115099998225408
51085,0.1489963739122201
51087,0.1598689878755579
51089,0.13381800307609368
51091,0.09777329790158527
51093,0.14695100191407223
51095,0.1374682787693211
51097,0.12436917286801813
51099,0.17340374603554545
51101,0.16239306236614506
51103,0.10788075839776186
51105,0.12918401974394572
51107,0.19826601286026688
51109,0.14453552058279248
51111,0.13607209814820906
51113,0.14086551546859408
51115,0.10822265536467068
51117,0.13194357921795183
51119,0.1129081130217408
51121,0.1061950181655788
51125,0.12339991134870852
51127,0.14189851990103736
51131,0.14132648694908004
51133,0.10134653924507676
51135,0.13876707097046082
51137,0.15160892428209732
51139,0.13830091052649263
51141,0.12102578117882845
51143,0.12547908626541876
51145,0.1267583757099347
51147,0.10967470082588911
51149,0.1592205571024831
51153,0.19352557296729855
51155,0.12404623937406241
51157,0.11214114832535885
51159,0.11885209517045453
51161,0.13529794785806087
51163,0.11775638075684094
51165,0.15359277933274168
51167,0.13209354237837756
51169,0.12404672445221532
51171,0.1492663708831164
51173,0.13243340388993172
51175,0.12720936588921283
51177,0.17190837489109972
51179,0.18192174480243273
51181,0.11727490884158695
51183,0.10904922261230922
51185,0.13547654320987654
51187,0.15424752564064229
51191,0.12403544294391916
51193,0.13840364296291346
51195,0.13369075335882266
51197,0.13862999139986434
51199,0.1636034002991276
51510,0.14147760895867806
51520,0.1422922059246477
51530,0.14678871275725153
51540,0.12193096854544158
51550,0.171352235148525
51570,0.17201358093126384
51580,0.1481856662204696
51590,0.15464982262868773
51595,0.1658602453021267
51600,0.19159513859346197
51610,0.17475821651143914
51620,0.1923018791878684
51630,0.15694056708486093
51640,0.17027257509238497
51650,0.1517686922902853
51660,0.11715442468745775
51670,0.19160039540123427
51678,0.0917025229806376
51680,0.13891292507704023
51683,0.20118011088552246
51685,0.15519156978409027
51690,0.18706760189815777
51700,0.17271704990499825
51710,0.14639232168417488
51720,0.1548565676899849
51730,0.17615236732686548
51735,0.15091558292658958
51740,0.17340210210082785
51750,0.08366939590207341
51760,0.13010411795745191
51770,0.16548382597586883
51775,0.13386692878373002
51790,0.1430140280561122
51800,0.17201826372664505
51810,0.16001190172272545
51820,0.17629650632193583
51830,0.0744328130238796
51840,0.16287162257545384
53001,0.26567346979751233
53003,0.14241076580295242
53005,0.1916722062879693
53007,0.1674737377512041
53009,0.12051129931061641
53011,0.1664547708607791
53013,0.12854556427278213
53015,0.16354960586524725
53017,0.18452389197475286
53019,0.1177868295994569
53021,0.23379261372615537
53023,0.1573690840381501
53025,0.21240149119909393
53027,0.14610238681720303
53029,0.13559588765992628
53031,0.08263487191594854
53033,0.14641468617708603
53035,0.14693707174574705
53037,0.11868053652290941
53039,0.136268156424581
53041,0.1538847316910885
53043,0.15181045715649033
53045,0.14071130109024543
53047,0.16996161820312464
53049,0.10871329332346462
53051,0.13323690131790422
53053,0.17074270654414955
53055,0.0863852868114588
53057,0.1552219272564879
53059,0.12822128619282944
53061,0.16300666344238102
53063,0.15828007670025326
53065,0.14936774397360408
53067,0.153645757932979
53069,0.11557878747263547
53071,0.14496226384338273
53073,0.13743351904416362
53075,0.1024418935584859
53077,0.21365116305089676
54001,0.1381273571221352
54003,0.16508816638510243
54005,0.14341143252491634
54007,0.13643228005580407
54009,0.12110450065852219
54011,0.14067785253757023
54013,0.1267498306615489
54015,0.1536988438896376
54017,0.09954419856883073
54019,0.14740139353426518
54021,0.10325841001659375
54023,0.1389235461287863
54025,0.1391401929706842
54027,0.12476103974741576
54029,0.13096515305624834
54031,0.1465685560250619
54033,0.15071855233846365
54035,0.14866307156499267
54037,0.15280009240882506
54039,0.1419164033420671
54041,0.1524936665784399
54043,0.15847032188207502
54045,0.14720424110639738
54047,0.1474384533886237
54049,0.14352914465725627
54051,0.1347481395364112
54053,0.14693510070059165
54055,0.15009004653822977
54057,0.1388958985853608
54059,0.16304077733126546
54061,0.11899638922322006
54063,0.13608350200900274
54065,0.12157223256126821
54067,0.14748080594544546
54069,0.1359278276308844
54071,0.12897832103321033
54073,0.13059250302297462
54075,0.12541045411427043
54077,0.1368113191683582
54079,0.15213981068784838
54081,0.14862320127909043
54083,0.1349927895165841
54085,0.13369581252239152
54087,0.1385879935417584
54089,0.10822033762956575
54091,0.13909276861990133
54093,0.10042747555191192
54095,0.13622052753095923
54097,0.14280430673132244
54099,0.13968993984059283
54101,0.13660392273109037
54103,0.13957818027075186
54105,0.14944471269917914
54107,0.14884852619038472
54109,0.14085450551182654
55001,0.09647228934754189
55003,0.1544485813326486
55005,0.15224672495863223
55007,0.12169425069682462
55009,0.16817805780693013
55011,0.14435844963148745
55013,0.12267391926710564
55015,0.15943900570699798
55017,0.1544675315805323
55019,0.21288960851211472
55021,0.1478681711041995
55023,0.13573472688814237
55025,0.1447065135353866
55027,0.13423059360730594
55029,0.11072052417572063
55031,0.13846979766378498
55033,0.13643022909076766
55035,0.14380669451477912
55037,0.09999067685996645
55039,0.14894679103567968
55041,0.14174886401418596
55043,0.1440855465090596
55045,0.15271436646664927
55047,0.15328707240471948
55049,0.15621553757146978
55051,0.10181266751304838
55053,0.1554105238622458
55055,0.14278322753923478
55057,0.14089951865222625
55059,0.15646689331085725
55061,0.14966059903533502
55063,0.13721254028870644
55065,0.17019638043896806
55067,0.13551841703444958
55069,0.12493448255780096
55071,0.1424018973038581
55073,0.16069363990928096
55075,0.13158535434088076
55077,0.13741372205624805
55078,0.24565188675091365
55079,0.173862944103484
55081,0.18156666015158426
55083,0.14098319034370405
55085,0.12213512630784652
55087,0.1663381396410522
55089,0.14721828137011664
55091,0.15332838814253139
55093,0.14121221887157293
55095,0.14227106899479156
55097,0.13249810386365662
55099,0.12238272031745556
55101,0.16300680505518386
55103,0.1490289568554483
55105,0.16199368163223277
55107,0.14237585640677197
55109,0.1719702773435597
55111,0.1615270058074325
55113,0.13698497568528778
55115,0.14931831129795886
55117,0.15313376695161252
55119,0.16346969786671403
55121,0.18218895023881304
55123,0.18523857669351948
55125,0.1188301303770363
55127,0.13777372961140155
55129,0.13153629181503745
55131,0.14975556706522586
55133,0.14682844020950261
55135,0.14004582244197397
55137,0.1276298831892695
55139,0.14469986533569393
55141,0.15405695123962398
56001,0.11514197954612646
56003,0.172508942258559
56005,0.1965220627049854
56007,0.16405371346495212
56009,0.176404869343161
56011,0.1841332027424094
56013,0.18403304283008368
56015,0.13852344138523442
56017,0.14624721552939038
56019,0.15108615479787768
56021,0.16689815653546225
56023,0.18709435339931854
56025,0.17341707962424627
56027,0.13192970540792937
56029,0.14547310443098677
56031,0.14574173198241253
56033,0.14848132910769474
56035,0.15484029283055908
56037,0.18462572285792705
56039,0.12979562567228398
56041,0.2014170141203865
56043,0.15151749568087466
56045,0.14601166468386384
